sample_id,treatment,max_stress_MPa,max_strain
S01,annealed,354.5147874141809,0.285
S02,annealed,366.83755058071824,0.265
S03,quenched,516.3906760390281,0.125
S04,aged,468.0999996354135,0.185
S05,as_received,421.59098161267644,0.225
